Daily,Value
7/24/2018,32.2
7/25/2018,31.36
7/26/2018,30.47
7/27/2018,29.27
7/28/2018,27.75
7/29/2018,26.09
7/30/2018,24.56
7/31/2018,23.15
08-01-2018,22.48
08-02-2018,21.14
08-03-2018,20.16
08-04-2018,20.29
08-05-2018,19.29
08-06-2018,18.73
08-07-2018,17.71
08-08-2018,17.09
08-09-2018,16.49
08-10-2018,15.96
08-11-2018,17.36
08-12-2018,24.04
8/13/2018,24.25
8/14/2018,23.57
8/15/2018,24.47
8/16/2018,34.93
8/17/2018,34.12
8/18/2018,32.42
8/19/2018,31
8/20/2018,34.48
8/21/2018,36.65
8/22/2018,35.17
8/23/2018,34.1
8/24/2018,33.25
8/25/2018,32.98
8/26/2018,31.59
8/27/2018,33.68
8/28/2018,32.57
8/29/2018,30.75
8/30/2018,29.09
8/31/2018,27.88
09-01-2018,27.05
09-02-2018,25.89
09-03-2018,24.9
09-04-2018,23.41
09-05-2018,22.41
09-06-2018,21.17
09-07-2018,20.12
09-08-2018,19.01
09-09-2018,17.79
09-10-2018,17.03
09-11-2018,16.61
09-12-2018,15.56
9/13/2018,14.59
9/14/2018,13.67
9/15/2018,12.96
9/16/2018,12.23
9/17/2018,11.59
9/18/2018,16.45
9/19/2018,15.9
9/20/2018,21.34
9/21/2018,21.38
9/22/2018,20.54
9/23/2018,19.31
9/24/2018,18.22
9/25/2018,17.71
9/26/2018,19.23
9/27/2018,19.75
9/28/2018,22.64
9/29/2018,22.07
9/30/2018,21.43
10-01-2018,24.57
10-02-2018,27.25
10-03-2018,26.69
10-04-2018,27.3
10-05-2018,25.95
10-06-2018,24.88
10-07-2018,23.4
10-08-2018,22.03
10-09-2018,20.97
10-10-2018,19.77
10-11-2018,18.64
10-12-2018,17.6
10/13/2018,16.66
10/14/2018,15.77
10/15/2018,14.92
10/16/2018,14.62
10/17/2018,15.14
10/18/2018,18.46
10/19/2018,21.58
10/20/2018,21.58
10/21/2018,20.34
10/22/2018,19.28
10/23/2018,18.3
10/24/2018,17.36
10/25/2018,16.6
10/26/2018,15.86
10/27/2018,15.11
10/28/2018,14.43
10/29/2018,13.79
10/30/2018,13.19
10/31/2018,12.62
11-01-2018,12.07
11-02-2018,11.58
11-03-2018,11.51
11-04-2018,13.5
11-05-2018,15.22
11-06-2018,14.77
11-07-2018,14.12
11-08-2018,13.52
11-09-2018,12.96
11-10-2018,12.43
11-11-2018,12.17
11-12-2018,11.7
11/13/2018,11.24
11/14/2018,11.04
11/15/2018,10.61
11/16/2018,10.22
11/17/2018,9.84
11/18/2018,9.54
11/19/2018,9.5
11/20/2018,11.69
11/21/2018,11.37
11/22/2018,10.97
11/23/2018,10.59
11/24/2018,10.39
11/25/2018,10.21
11/26/2018,9.85
11/27/2018,9.53
11/28/2018,9.21
11/29/2018,8.88
11/30/2018,8.71
12-01-2018,8.43
12-02-2018,8.15
12-03-2018,7.88
12-04-2018,7.75
12-05-2018,7.47
12-06-2018,7.21
12-07-2018,6.96
12-08-2018,6.72
12-09-2018,6.49
12-10-2018,6.29
12-11-2018,6.09
12-12-2018,5.89
12/13/2018,5.71
12/14/2018,5.54
12/15/2018,5.38
12/16/2018,5.23
12/17/2018,5.09
12/18/2018,4.95
12/19/2018,4.82
12/20/2018,4.69
12/21/2018,4.55
12/22/2018,4.42
12/23/2018,4.3
12/24/2018,4.18
12/25/2018,4.07
12/26/2018,4.01
12/27/2018,3.95
12/28/2018,3.9
12/29/2018,3.84
12/30/2018,3.77
12/31/2018,3.7
01-01-2019,3.66
01-02-2019,3.61
01-03-2019,3.56
01-04-2019,3.51
01-05-2019,3.46
01-06-2019,3.42
01-07-2019,3.38
01-08-2019,3.36
01-09-2019,3.33
01-10-2019,3.29
01-11-2019,3.26
01-12-2019,3.22
1/13/2019,3.19
1/14/2019,3.17
1/15/2019,3.14
1/16/2019,3.12
1/17/2019,3.1
1/18/2019,3.08
1/19/2019,3.07
1/20/2019,3.05
1/21/2019,3.03
1/22/2019,3.01
1/23/2019,3
1/24/2019,2.99
1/25/2019,2.98
1/26/2019,2.97
1/27/2019,2.96
1/28/2019,2.95
1/29/2019,2.94
1/30/2019,2.93
1/31/2019,2.92
02-01-2019,2.92
02-02-2019,2.91
02-03-2019,2.9
02-04-2019,2.89
02-05-2019,2.88
02-06-2019,2.88
02-07-2019,2.87
02-08-2019,2.87
02-09-2019,2.87
02-10-2019,2.86
02-11-2019,2.86
02-12-2019,2.85
2/13/2019,2.85
2/14/2019,2.85
2/15/2019,2.85
2/16/2019,2.84
2/17/2019,2.84
2/18/2019,2.84
2/19/2019,2.84
2/20/2019,2.83
2/21/2019,2.83
2/22/2019,2.83
2/23/2019,2.83
2/24/2019,2.83
2/25/2019,2.83
2/26/2019,2.83
2/27/2019,2.82
2/28/2019,2.82
03-01-2019,2.82
03-02-2019,2.82
03-03-2019,2.82
03-04-2019,2.82
03-05-2019,2.82
03-06-2019,2.82
03-07-2019,2.82
03-08-2019,2.82
03-09-2019,2.82
03-10-2019,2.82
03-11-2019,2.82
03-12-2019,2.82
3/13/2019,2.82
3/14/2019,2.82
3/15/2019,2.82
3/16/2019,2.82
3/17/2019,2.82
3/18/2019,2.82
3/19/2019,2.82
3/20/2019,2.82
3/21/2019,2.82
3/22/2019,2.82
3/23/2019,2.82
3/24/2019,2.82
3/25/2019,2.82
3/26/2019,2.82
3/27/2019,1.26
3/28/2019,1.26
3/29/2019,1.26
3/30/2019,1.26
3/31/2019,1.26
04-01-2019,1.26
04-02-2019,1.26
04-03-2019,1.26
04-04-2019,1.4
04-05-2019,1.47
04-06-2019,1.45
04-07-2019,1.43
04-08-2019,1.42
04-09-2019,1.4
04-10-2019,1.39
04-11-2019,1.37
04-12-2019,1.37
4/13/2019,2.96
4/14/2019,6.04
4/15/2019,7.32
4/16/2019,6.91
4/17/2019,6.42
4/18/2019,5.95
4/19/2019,5.52
4/20/2019,5.1
4/21/2019,4.74
4/22/2019,4.4
4/23/2019,4.09
4/24/2019,3.81
4/25/2019,3.59
4/26/2019,3.35
4/27/2019,3.16
4/28/2019,2.95
4/29/2019,2.78
4/30/2019,2.63
05-01-2019,2.49
05-02-2019,2.37
05-03-2019,2.26
05-04-2019,2.16
05-05-2019,2.07
05-06-2019,1.99
05-07-2019,1.94
05-08-2019,1.88
05-09-2019,1.83
05-10-2019,1.77
05-11-2019,1.73
05-12-2019,1.69
5/13/2019,1.65
5/14/2019,1.63
5/15/2019,1.66
5/16/2019,1.63
5/17/2019,1.6
5/18/2019,1.57
5/19/2019,1.55
5/20/2019,1.53
5/21/2019,1.53
5/22/2019,1.52
5/23/2019,1.5
5/24/2019,1.49
5/25/2019,1.48
5/26/2019,1.47
5/27/2019,1.46
5/28/2019,1.45
5/29/2019,1.44
5/30/2019,1.43
5/31/2019,1.42
06-01-2019,1.42
06-02-2019,1.68
06-03-2019,2.89
06-04-2019,3.54
06-05-2019,3.44
06-06-2019,3.36
06-07-2019,6.74
06-08-2019,6.8
06-09-2019,18.67
06-10-2019,24.07
06-11-2019,24.27
06-12-2019,23.47
6/13/2019,23.64
6/14/2019,23.15
6/15/2019,22.34
6/16/2019,22.09
6/17/2019,21.68
6/18/2019,20.97
6/19/2019,20.52
6/20/2019,19.83
6/21/2019,19.19
6/22/2019,20.51
6/23/2019,22.41
6/24/2019,25.13
6/25/2019,26.45
6/26/2019,28.63
6/27/2019,30.53
6/28/2019,34.86
6/29/2019,34.62
6/30/2019,32.41
07-01-2019,33.65
07-02-2019,32.94
07-03-2019,33.6
07-04-2019,32.11
07-05-2019,34.17
07-06-2019,34.49
07-07-2019,34.41
07-08-2019,34.35
07-09-2019,32.9
07-10-2019,33.72
07-11-2019,33.07
07-12-2019,31.5
7/13/2019,30.22
7/14/2019,29.15
7/15/2019,27.94
7/16/2019,26.7
7/17/2019,25.47
7/18/2019,24.26
7/19/2019,31.21
7/20/2019,33.88
7/21/2019,32.68
7/22/2019,31.65
7/23/2019,30.26
7/24/2019,29.17
7/25/2019,35.35
7/26/2019,36.58
7/27/2019,36.46
7/28/2019,36.09
7/29/2019,36.98
7/30/2019,37.06
7/31/2019,37
08-01-2019,35.95
08-02-2019,36.5
08-03-2019,36.68
08-04-2019,36.85
08-05-2019,36.29
08-06-2019,36.13
08-07-2019,35.54
08-08-2019,37.03
08-09-2019,37.02
08-10-2019,35.62
08-11-2019,35.18
08-12-2019,35.25
8/13/2019,34.97
8/14/2019,33.78
8/15/2019,33.16
8/16/2019,33.09
8/17/2019,31.45
8/18/2019,29.67
8/19/2019,28
8/20/2019,26.56
8/21/2019,25.36
8/22/2019,26.21
8/23/2019,25.77
8/24/2019,24.76
8/25/2019,23.7
8/26/2019,22.76
8/27/2019,23.03
8/28/2019,22.65
8/29/2019,22.52
8/30/2019,28.97
8/31/2019,31.43
09-01-2019,30.51
09-02-2019,29.51
09-03-2019,29.83
09-04-2019,33.87
09-05-2019,33.51
09-06-2019,34.65
09-07-2019,33.94
09-08-2019,35.79
09-09-2019,35.76
09-10-2019,35.02
09-11-2019,35.82
09-12-2019,35.71
9/13/2019,35.22
9/14/2019,34.11
9/15/2019,33.17
9/16/2019,31.8
9/17/2019,32.89
9/18/2019,36.61
9/19/2019,37.12
9/20/2019,35.5
9/21/2019,33.67
9/22/2019,32.28
9/23/2019,36.75
9/24/2019,37.42
9/25/2019,37.52
9/26/2019,37.4
9/27/2019,36.59
9/28/2019,35.11
9/29/2019,33.11
9/30/2019,31.8
10-01-2019,30.26
10-02-2019,28.74
10-03-2019,29.12
10-04-2019,37.22
10-05-2019,37.41
10-06-2019,36.85
10-07-2019,36.1
10-08-2019,35.22
10-09-2019,35.98
10-10-2019,36.66
10-11-2019,36.47
10-12-2019,35.65
10/13/2019,34.92
10/14/2019,33.62
10/15/2019,31.87
10/16/2019,30.27
10/17/2019,28.92
10/18/2019,29.59
10/19/2019,37.65
10/20/2019,37.74
10/21/2019,37.56
10/22/2019,37.59
10/23/2019,37.57
10/24/2019,37.38
10/25/2019,37.26
10/26/2019,36.77
10/27/2019,35.3
10/28/2019,34.94
10/29/2019,34.03
10/30/2019,33.77
10/31/2019,33.8
11-01-2019,35.68
11-02-2019,34.67
11-03-2019,35.84
11-04-2019,36.32
11-05-2019,35.8
11-06-2019,35.85
11-07-2019,34.45
11-08-2019,33.02
11-09-2019,31.64
11-10-2019,30.37
11-11-2019,29.33
11-12-2019,28.42
11/13/2019,27.75
11/14/2019,26.9
11/15/2019,26.19
11/16/2019,25.43
11/17/2019,24.71
11/18/2019,24.03
11/19/2019,23.37
11/20/2019,22.75
11/21/2019,22.2
11/22/2019,21.7
11/23/2019,21.23
11/24/2019,20.79
11/25/2019,20.37
11/26/2019,19.98
11/27/2019,19.64
11/28/2019,19.43
11/29/2019,19.23
11/30/2019,19.03
12-01-2019,18.77
12-02-2019,18.44
12-03-2019,19.49
12-04-2019,18.92
12-05-2019,18.44
12-06-2019,17.91
12-07-2019,17.42
12-08-2019,16.96
12-09-2019,16.51
12-10-2019,16.16
12-11-2019,15.7
12-12-2019,15.42
12/13/2019,14.99
12/14/2019,14.59
12/15/2019,14.2
12/16/2019,13.84
12/17/2019,13.5
12/18/2019,13.26
12/19/2019,12.94
12/20/2019,12.63
12/21/2019,12.32
12/22/2019,12.05
12/23/2019,11.03
12/24/2019,10.77
12/25/2019,10.58
12/26/2019,10.88
12/27/2019,10.62
12/28/2019,10.37
12/29/2019,10.14
12/30/2019,9.9
12/31/2019,9.67
01-01-2020,9.3
01-02-2020,8.96
01-03-2020,8.65
01-04-2020,8.47
01-05-2020,8.18
01-06-2020,7.89
01-07-2020,12.9
01-08-2020,12.76
01-09-2020,12.63
01-10-2020,12.5
01-11-2020,12.38
01-12-2020,12.3
1/13/2020,12.21
1/14/2020,12.12
1/15/2020,11.96
1/16/2020,11.87
1/17/2020,11.78
1/18/2020,11.7
1/19/2020,11.62
1/20/2020,11.54
1/21/2020,11.47
1/22/2020,11.39
1/23/2020,11.35
1/24/2020,11.29
1/25/2020,11.22
1/26/2020,11.17
1/27/2020,11.11
1/28/2020,11.1
1/29/2020,11.02
1/30/2020,10.97
1/31/2020,10.93
02-01-2020,10.88
02-02-2020,10.84
02-03-2020,10.88
02-04-2020,10.76
02-05-2020,10.73
02-06-2020,10.7
02-07-2020,10.68
02-08-2020,10.66
02-09-2020,10.61
02-10-2020,10.58
02-11-2020,10.56
02-12-2020,10.54
2/13/2020,10.52
2/14/2020,10.5
2/15/2020,10.48
2/16/2020,10.46
2/17/2020,10.44
2/18/2020,10.42
2/19/2020,10.41
2/20/2020,10.39
2/21/2020,10.38
2/22/2020,10.37
2/23/2020,10.36
2/24/2020,10.35
2/25/2020,10.34
2/26/2020,10.33
2/27/2020,10.32
2/28/2020,10.32
2/29/2020,10.31
03-01-2020,10.6
03-02-2020,10.64
03-03-2020,10.57
03-04-2020,10.55
03-05-2020,10.53
03-06-2020,10.52
03-07-2020,10.5
03-08-2020,10.49
03-09-2020,10.48
03-10-2020,10.47
03-11-2020,10.46
03-12-2020,10.45
3/13/2020,10.47
3/14/2020,10.46
3/15/2020,10.45
3/16/2020,10.44
3/17/2020,10.43
3/18/2020,10.42
3/19/2020,10.42
3/20/2020,10.41
3/21/2020,10.4
3/22/2020,10.39
3/23/2020,10.39
3/24/2020,10.45
3/25/2020,13.8
3/26/2020,13.65
3/27/2020,13.56
3/28/2020,13.99
3/29/2020,13.86
3/30/2020,13.71
3/31/2020,13.79
04-01-2020,13.65
04-02-2020,13.51
04-03-2020,13.39
04-04-2020,13.27
04-05-2020,13.17
04-06-2020,13.07
04-07-2020,12.97
04-08-2020,12.89
04-09-2020,12.81
04-10-2020,12.79
04-11-2020,14.04
04-12-2020,14.04
4/13/2020,13.95
4/14/2020,13.85
4/15/2020,13.76
4/16/2020,13.72
4/17/2020,13.64
4/18/2020,13.72
4/19/2020,18.16
4/20/2020,17.19
4/21/2020,16.8
4/22/2020,16.48
4/23/2020,16.21
4/24/2020,15.96
4/25/2020,15.74
4/26/2020,15.54
4/27/2020,15.35
4/28/2020,15.16
4/29/2020,17.17
4/30/2020,17.08
05-01-2020,17.24
05-02-2020,16.95
05-03-2020,16.65
05-04-2020,16.39
05-05-2020,16.26
05-06-2020,16.12
05-07-2020,15.99
05-08-2020,15.88
05-09-2020,15.68
05-10-2020,15.98
05-11-2020,17.14
05-12-2020,16.87
5/13/2020,17.11
5/14/2020,21.43
5/15/2020,21.64
5/16/2020,26.85
5/17/2020,24.81
5/18/2020,0
5/19/2020,0
5/20/2020,22.26
5/21/2020,21.68
5/22/2020,21.15
5/23/2020,20.65
5/24/2020,20.2
5/25/2020,19.79
5/26/2020,19.42
5/27/2020,19.08
5/28/2020,18.75
5/29/2020,18.46
5/30/2020,18.18
5/31/2020,25.28
06-01-2020,24.42
06-02-2020,27.24
06-03-2020,34.92
06-04-2020,29.97
06-05-2020,28.58
06-06-2020,27.59
06-07-2020,26.75
06-08-2020,25.98
06-09-2020,25.69
06-10-2020,29.08
06-11-2020,27
06-12-2020,27.97
6/13/2020,30.62
6/14/2020,30.68
6/15/2020,32.91
6/16/2020,31.95
6/17/2020,30.46
6/18/2020,30.99
6/19/2020,29.32
6/20/2020,28.27
6/21/2020,27.7
6/22/2020,26.81
6/23/2020,25.95
6/24/2020,25.25
6/25/2020,32.05
6/26/2020,31.41
6/27/2020,33.03
6/28/2020,34.13
6/29/2020,34.47
6/30/2020,33.64
07-01-2020,32.28
07-02-2020,30.53
07-03-2020,30.08
07-04-2020,29.74
07-05-2020,29.41
07-06-2020,28.67
07-07-2020,28.56
07-08-2020,28.64
07-09-2020,30.46
07-10-2020,29.05
07-11-2020,27.89
07-12-2020,27.35
7/13/2020,27.95
7/14/2020,31.31
7/15/2020,30.82
7/16/2020,29.78
7/17/2020,28.91
7/18/2020,27.95
7/19/2020,29.89
7/20/2020,29.62
7/21/2020,30.29
7/22/2020,32.87
7/23/2020,35.12
7/24/2020,34.1
7/25/2020,33.39
7/26/2020,31.9
7/27/2020,32.26
7/28/2020,33.7
7/29/2020,34.45
7/30/2020,34.36
7/31/2020,36.21
08-01-2020,34.1
08-02-2020,32.32
08-03-2020,32.57
08-04-2020,32.61
08-05-2020,33.08
08-06-2020,32.09
08-07-2020,30.97
08-08-2020,29.82
08-09-2020,28.69
08-10-2020,30.87
08-11-2020,30.42
08-12-2020,31.88
8/13/2020,35.44
8/14/2020,36.24
8/15/2020,35.7
8/16/2020,35.73
8/17/2020,35.88
8/18/2020,34.56
8/19/2020,33.32
8/20/2020,33.93
8/21/2020,33.43
8/22/2020,33.85
8/23/2020,32.47
8/24/2020,30.87
8/25/2020,29.38
8/26/2020,29.01
8/27/2020,28.15
8/28/2020,30.46
8/29/2020,31.99
8/30/2020,30.37
8/31/2020,28.97
09-01-2020,27.69
09-02-2020,27.37
09-03-2020,28.57
09-04-2020,27.53
09-05-2020,27.76
09-06-2020,35.19
09-07-2020,34.42
09-08-2020,34.99
09-09-2020,35.31
09-10-2020,35.38
09-11-2020,35.67
09-12-2020,34.47
9/13/2020,35.3
9/14/2020,36.3
9/15/2020,36.47
9/16/2020,37.05
9/17/2020,37.14
9/18/2020,37.38
9/19/2020,37.42
9/20/2020,37.38
9/21/2020,37.1
9/22/2020,36.86
9/23/2020,36.13
9/24/2020,34.37
9/25/2020,37.3
9/26/2020,36.8
9/27/2020,36.03
9/28/2020,35.24
9/29/2020,34.59
9/30/2020,34.03
10-01-2020,27
10-02-2020,26.21
10-03-2020,25.38
10-04-2020,25.85
10-05-2020,25.01
10-06-2020,24.58
10-07-2020,23.8
10-08-2020,23.06
10-09-2020,22.44
10-10-2020,22.14
10-11-2020,30.35
10-12-2020,30.13
10/13/2020,31.4
10/14/2020,30.71
10/15/2020,36.82
10/16/2020,35.83
10/17/2020,34.51
10/18/2020,33.29
10/19/2020,34.83
10/20/2020,34.23
10/21/2020,33.5
10/22/2020,32.94
10/23/2020,33.42
10/24/2020,34.1
10/25/2020,34.18
10/26/2020,34.05
10/27/2020,32.32
10/28/2020,30.82
10/29/2020,29.49
10/30/2020,28.34
10/31/2020,27.34
11-01-2020,26.5
11-02-2020,25.76
11-03-2020,25.07
11-04-2020,24.42
11-05-2020,23.83
11-06-2020,23.27
11-07-2020,22.74
11-08-2020,22.25
11-09-2020,21.78
11-10-2020,21.34
11-11-2020,20.92
11-12-2020,20.5
11/13/2020,20.11
11/14/2020,19.74
11/15/2020,19.38
11/16/2020,19.04
11/17/2020,18.73
11/18/2020,18.42
11/19/2020,18.13
11/20/2020,18.08
11/21/2020,21.09
11/22/2020,20.68
11/23/2020,20.28
11/24/2020,19.94
11/25/2020,19.6
11/26/2020,19.28
11/27/2020,18.99
11/28/2020,18.79
11/29/2020,18.53
11/30/2020,18.27
12-01-2020,18.08
12-02-2020,17.9
12-03-2020,17.72
12-04-2020,17.55
12-05-2020,17.38
12-06-2020,17.22
12-07-2020,17.06
12-08-2020,16.91
12-09-2020,16.77
12-10-2020,16.63
12-11-2020,16.6
12-12-2020,16.47
12/13/2020,16.38
12/14/2020,16.36
12/15/2020,17.08
12/16/2020,16.94
12/17/2020,16.81
12/18/2020,16.67
12/19/2020,16.55
12/20/2020,16.43
12/21/2020,16.32
12/22/2020,16.2
12/23/2020,16.09
12/24/2020,15.98
12/25/2020,15.88
12/26/2020,15.77
12/27/2020,15.67
12/28/2020,15.57
12/29/2020,15.48
12/30/2020,15.4
12/31/2020,15.32
01-01-2021,15.08
01-02-2021,14.86
01-03-2021,14.66
01-04-2021,14.47
01-05-2021,14.28
01-06-2021,14.1
01-07-2021,14.14
01-08-2021,17.01
01-09-2021,24.41
01-10-2021,23.25
01-11-2021,22.66
01-12-2021,22.18
1/13/2021,21.75
1/14/2021,21.34
1/15/2021,20.94
1/16/2021,20.6
1/17/2021,20.27
1/18/2021,19.95
1/19/2021,19.63
1/20/2021,19.39
1/21/2021,19.12
1/22/2021,18.85
1/23/2021,18.58
1/24/2021,18.35
1/25/2021,18.11
1/26/2021,17.9
1/27/2021,18.31
1/28/2021,18.08
1/29/2021,17.87
1/30/2021,17.66
1/31/2021,17.47
02-01-2021,17.26
02-02-2021,17.09
02-03-2021,16.88
02-04-2021,16.71
02-05-2021,16.55
02-06-2021,16.4
02-07-2021,16.25
02-08-2021,16.1
02-09-2021,15.96
02-10-2021,15.82
02-11-2021,15.67
02-12-2021,15.55
2/13/2021,15.43
2/14/2021,15.31
2/15/2021,15.2
2/16/2021,15.09
2/17/2021,14.99
2/18/2021,14.92
2/19/2021,15.79
2/20/2021,15.65
2/21/2021,15.53
2/22/2021,15.41
2/23/2021,15.29
2/24/2021,15.18
2/25/2021,15.06
2/26/2021,14.95
2/27/2021,14.85
2/28/2021,14.75
03-01-2021,10.92
03-02-2021,10.86
03-03-2021,10.79
03-04-2021,10.74
03-05-2021,10.68
03-06-2021,10.64
03-07-2021,10.59
03-08-2021,10.54
03-09-2021,10.5
03-10-2021,10.46
03-11-2021,10.42
03-12-2021,10.38
3/13/2021,10.36
3/14/2021,10.33
3/15/2021,10.3
3/16/2021,12.77
3/17/2021,12.72
3/18/2021,12.69
3/19/2021,12.69
3/20/2021,12.65
3/21/2021,12.67
3/22/2021,13.24
3/23/2021,15.25
3/24/2021,15.19
3/25/2021,15.29
3/26/2021,15.09
3/27/2021,14.9
3/28/2021,14.71
3/29/2021,14.55
3/30/2021,14.39
3/31/2021,14.25
04-01-2021,14.13
04-02-2021,14
04-03-2021,13.9
04-04-2021,13.84
04-05-2021,13.74
04-06-2021,13.65
04-07-2021,13.56
04-08-2021,13.52
04-09-2021,13.89
04-10-2021,13.8
04-11-2021,15.17
04-12-2021,14.99
4/13/2021,16.17
4/14/2021,16.06
4/15/2021,17.82
4/16/2021,17.5
4/17/2021,17.16
4/18/2021,16.86
4/19/2021,16.61
4/20/2021,16.36
4/21/2021,16.13
4/22/2021,15.93
4/23/2021,15.73
4/24/2021,15.82
4/25/2021,15.64
4/26/2021,15.56
4/27/2021,16.16
4/28/2021,17.93
4/29/2021,17.65
4/30/2021,19.22
05-01-2021,19.95
05-02-2021,19.51
05-03-2021,20.46
05-04-2021,20.37
05-05-2021,20
05-06-2021,19.54
05-07-2021,19.76
05-08-2021,19.28
05-09-2021,20.56
05-10-2021,20.23
05-11-2021,19.8
05-12-2021,19.39
5/13/2021,19.08
5/14/2021,18.94
5/15/2021,19.8
5/16/2021,21.23
5/17/2021,24.07
5/18/2021,27.58
5/19/2021,25.7
5/20/2021,25.11
5/21/2021,24.26
5/22/2021,24.21
5/23/2021,23.55
5/24/2021,24.57
5/25/2021,23.47
5/26/2021,23.18
5/27/2021,22.59
5/28/2021,22.16
5/29/2021,21.89
5/30/2021,25.61
5/31/2021,25.1
06-01-2021,27.21
06-02-2021,29.09
06-03-2021,32.38
06-04-2021,29.71
06-05-2021,31.22
06-06-2021,32.04
06-07-2021,30.43
06-08-2021,28.99
06-09-2021,28.73
06-10-2021,29.51
06-11-2021,28.36
06-12-2021,28.45
6/13/2021,27.63
6/14/2021,27.39
6/15/2021,26.83
6/16/2021,26.96
6/17/2021,27.29
6/18/2021,28.52
6/19/2021,30.16
6/20/2021,30.13
6/21/2021,29.25
6/22/2021,28.35
6/23/2021,27.7
6/24/2021,27.84
6/25/2021,27.41
6/26/2021,27.26
6/27/2021,27.44
6/28/2021,29.71
6/29/2021,28.69
6/30/2021,27.61
07-01-2021,26.61
07-02-2021,25.79
07-03-2021,25.27
07-04-2021,24.05
07-05-2021,23.16
07-06-2021,23.32
07-07-2021,23.21
07-08-2021,25.52
07-09-2021,28.64
07-10-2021,29.6
07-11-2021,28.15
07-12-2021,31.06
7/13/2021,31.21
7/14/2021,30.88
7/15/2021,29.69
7/16/2021,29.04
7/17/2021,28.49
7/18/2021,28.09
7/19/2021,29.2
7/20/2021,29.85
7/21/2021,30.37
7/22/2021,33.6
7/23/2021,32.62
7/24/2021,32.96
7/25/2021,31.91
7/26/2021,31.65
7/27/2021,31.06
7/28/2021,30.34
7/29/2021,30.28
7/30/2021,30.28
7/31/2021,30.01
08-01-2021,29.32
08-02-2021,28.79
08-03-2021,28.23
08-04-2021,27.58
08-05-2021,26.93
08-06-2021,26.18
08-07-2021,25.41
08-08-2021,24.48
08-09-2021,23.71
08-10-2021,23.01
08-11-2021,22.33
08-12-2021,21.84
8/13/2021,21.63
8/14/2021,21.36
8/15/2021,21.95
8/16/2021,21.63
8/17/2021,22.96
8/18/2021,25.93
8/19/2021,27.52
8/20/2021,28.05
8/21/2021,27.91
8/22/2021,28.74
8/23/2021,27.26
8/24/2021,26.66
8/25/2021,25.78
8/27/2021,24.33
8/28/2021,23.8
8/29/2021,23.07
8/30/2021,22.99
8/31/2021,30.83
09-01-2021,29.55
09-02-2021,28.56
09-03-2021,27.65
09-04-2021,26.82
09-05-2021,31.87
09-06-2021,30.3
09-07-2021,34.07
09-08-2021,33.7
09-09-2021,32.34
09-10-2021,31.6
09-11-2021,30.86
09-12-2021,30.98
9/13/2021,31.02
9/14/2021,30.85
9/15/2021,29.81
9/16/2021,28.59
9/17/2021,27.44
9/18/2021,26.53
9/19/2021,25.77
9/20/2021,25.5
9/21/2021,25.85
9/22/2021,27.35
9/24/2021,27.78
9/25/2021,26.68
9/26/2021,27.05
9/27/2021,27.8
9/28/2021,28.62
9/29/2021,29.66
9/30/2021,28.68
10-01-2021,28.03
10-02-2021,27.46
10-03-2021,26.71
10-04-2021,26.36
10-05-2021,32.58
10-06-2021,31.39
10-07-2021,32.68
10-08-2021,32.04
10-09-2021,32.76
10-10-2021,35.09
10-11-2021,33.68
10-12-2021,32.07
10/13/2021,30.66
10/14/2021,29.31
12-01-2021,18.23
12-02-2021,31.45
12-03-2021,28.91
12-04-2021,28.35
12-05-2021,27.53
12-06-2021,26.86
12-07-2021,26.25
12-08-2021,25.7
12-09-2021,25.19
12-10-2021,24.73
12-11-2021,24.28
12-12-2021,23.87
12/13/2021,23.5
12/14/2021,23.12
12/15/2021,22.79
12/16/2021,22.48
12/17/2021,22.15
12/18/2021,21.82
12/19/2021,21.52
12/20/2021,21.23
12/21/2021,20.94
12/22/2021,20.66
12/23/2021,20.39
12/24/2021,20.14
12/25/2021,19.89
12/26/2021,19.65
12/27/2021,19.43
12/28/2021,19.21
12/29/2021,19.02
12/30/2021,18.84
12/31/2021,18.68
01-01-2022,18.51
01-03-2022,18.19
01-04-2022,18.03
01-05-2022,17.87
01-06-2022,17.72
01-07-2022,17.57
01-08-2022,17.44
01-09-2022,17.36
01-10-2022,17.22
01-11-2022,17.1
01-12-2022,16.98
1/13/2022,16.87
1/14/2022,16.77
1/15/2022,16.66
1/16/2022,16.55
1/17/2022,16.45
1/18/2022,16.34
1/19/2022,16.24
1/20/2022,16.13
1/21/2022,16.04
1/22/2022,16.45
1/23/2022,16.37
1/24/2022,16.27
1/25/2022,16.18
1/26/2022,16.08
1/27/2022,15.99
1/28/2022,15.9
1/29/2022,15.81
1/30/2022,15.72
1/31/2022,15.63
02-01-2022,15.55
02-02-2022,15.46
02-03-2022,15.38
02-04-2022,15.31
02-05-2022,15.23
02-06-2022,15.17
02-07-2022,15.09
02-08-2022,15.02
02-09-2022,14.95
02-10-2022,14.88
02-11-2022,14.81
02-12-2022,14.75
2/13/2022,14.68
2/14/2022,14.61
2/15/2022,14.56
2/16/2022,14.5
2/17/2022,14.44
2/18/2022,14.38
2/19/2022,14.31
2/20/2022,14.25
2/21/2022,14.19
2/22/2022,14.13
2/23/2022,14.07
2/24/2022,14.01
2/25/2022,13.96
2/26/2022,13.9
2/27/2022,13.84
2/28/2022,13.78
03-01-2022,13.56
03-02-2022,13.52
03-03-2022,13.47
03-04-2022,13.43
03-05-2022,13.39
03-06-2022,13.35
03-07-2022,13.31
03-08-2022,13.27
03-09-2022,13.24
03-10-2022,13.29
03-11-2022,13.24
03-12-2022,13.62
3/13/2022,13.54
3/14/2022,13.46
3/15/2022,13.4
3/16/2022,13.33
3/17/2022,13.25
3/18/2022,13.19
3/19/2022,13.14
3/20/2022,13.1
3/21/2022,13.05
3/22/2022,13.02
3/23/2022,12.99
3/24/2022,12.96
3/25/2022,13.1
3/26/2022,13.05
3/27/2022,13.01
3/28/2022,12.97
3/29/2022,12.93
3/30/2022,12.9
3/31/2022,12.86
04-01-2022,12.83
04-02-2022,12.8
04-03-2022,12.78
04-04-2022,12.75
04-05-2022,12.74
04-06-2022,12.72
04-07-2022,12.72
04-08-2022,12.7
04-09-2022,12.71
04-10-2022,12.7
04-11-2022,13.19
04-12-2022,13.14
4/13/2022,13.11
4/14/2022,13.07
4/15/2022,13.04
4/16/2022,13.02
4/17/2022,12.99
4/18/2022,12.96
4/19/2022,12.94
4/20/2022,12.91
4/21/2022,12.92
4/22/2022,12.9
4/23/2022,15.56
4/24/2022,14.18
4/25/2022,14.03
4/26/2022,13.97
4/27/2022,13.81
4/28/2022,13.68
4/29/2022,13.56
4/30/2022,13.5
05-01-2022,13.39
05-02-2022,13.29
05-03-2022,13.2
05-04-2022,13.11
05-05-2022,13.03
05-06-2022,12.96
05-07-2022,12.88
05-09-2022,12.76
05-10-2022,12.73
05-11-2022,12.92
05-12-2022,13.25
5/13/2022,13.25
5/14/2022,13.15
5/15/2022,13.07
5/16/2022,12.98
5/17/2022,12.92
5/18/2022,12.89
5/19/2022,12.88
5/20/2022,15.12
5/21/2022,14.95
5/22/2022,14.77
5/23/2022,14.62
5/24/2022,14.48
5/25/2022,14.35
5/26/2022,14.23
5/27/2022,14.12
5/28/2022,14.06
5/29/2022,13.95
5/30/2022,13.86
5/31/2022,13.78
06-01-2022,13.82
06-02-2022,13.76
06-03-2022,13.68
06-04-2022,13.6
06-05-2022,13.75
06-06-2022,13.95
06-07-2022,15.97
06-08-2022,16.45
06-09-2022,19.23
06-10-2022,19.46
06-11-2022,20.47
06-12-2022,21.16
6/13/2022,21.37
6/14/2022,21.67
6/15/2022,21.03
6/16/2022,20.53
6/17/2022,20.73
6/18/2022,20.29
6/19/2022,20.02
6/20/2022,20.63
6/21/2022,21.6
6/22/2022,21.22
6/23/2022,25.45
6/24/2022,25.76
6/25/2022,25.83
6/26/2022,25.4
6/27/2022,27.06
6/28/2022,26.71
6/29/2022,26.61
6/30/2022,25.98
07-01-2022,27.28
07-02-2022,26.97
07-03-2022,26.67
07-04-2022,26.46
07-05-2022,28.14
07-06-2022,29.64
07-07-2022,29.85
07-08-2022,29.23
07-09-2022,32.34
07-10-2022,33.51
07-11-2022,34.25
07-12-2022,35.11
7/13/2022,34.46
7/14/2022,35.5
7/15/2022,35
7/16/2022,0
7/17/2022,32.86
7/18/2022,33.42
7/19/2022,34.77
7/20/2022,33.08
7/21/2022,32.08
7/22/2022,31.01
7/23/2022,30.28
7/24/2022,31.85
7/25/2022,31.06
7/26/2022,30.72
7/27/2022,31.79
7/28/2022,31.69
7/29/2022,32.7
7/30/2022,31.18
7/31/2022,31.49
08-01-2022,29.6
08-02-2022,28.42
08-03-2022,27.85
08-04-2022,30.83
08-05-2022,32.52
08-06-2022,30.9
08-07-2022,30.12
08-08-2022,33.26
08-09-2022,33.89
08-10-2022,34.18
08-11-2022,33.35
08-12-2022,32.42
8/13/2022,31.56
8/14/2022,31.18
8/15/2022,31.4
8/16/2022,32.56
8/17/2022,31.77
8/18/2022,31.19
8/19/2022,30.69
8/20/2022,30.19
8/21/2022,29.85
8/22/2022,29.68
8/23/2022,27.33
8/24/2022,26.75
8/25/2022,26.14
8/26/2022,25.04
8/27/2022,23.92
8/28/2022,22.91
8/29/2022,22.11
8/30/2022,21.5
8/31/2022,24.61
09-01-2022,32.99
09-02-2022,30.52
09-03-2022,29.21
09-04-2022,28.33
09-05-2022,31.38
09-06-2022,30.29
09-07-2022,31.31
09-08-2022,35.6
09-09-2022,34.86
09-10-2022,33.81
09-11-2022,32.81
09-12-2022,34.53
9/13/2022,34.78
9/14/2022,34.72
9/15/2022,33.66
9/16/2022,34.3
9/17/2022,34.86
9/18/2022,33.89
9/19/2022,32.84
9/20/2022,32.06
9/21/2022,31.05
9/22/2022,29.86
9/23/2022,28.72
9/24/2022,27.83
9/25/2022,27.08
9/26/2022,26.88
9/27/2022,26.86
9/28/2022,26.06
9/29/2022,27.21
9/30/2022,28.48
10-01-2022,27.78
10-02-2022,27.21
10-03-2022,26.58
10-04-2022,25.54
10-05-2022,24.98
10-06-2022,24.5
10-07-2022,29.47
10-08-2022,29.48
10-09-2022,28.67
10-10-2022,27.66
10-11-2022,31.34
10-12-2022,33.77
10/13/2022,33.33
10/14/2022,33.67
10/15/2022,34.16
10/16/2022,32.3
10/17/2022,32.57
10/18/2022,36.21
10/19/2022,35.15
10/20/2022,34.75
10/21/2022,35.01
10/22/2022,34.37
10/23/2022,32.62
10/24/2022,31.02
10/25/2022,29.59
10/26/2022,28.38
10/27/2022,27.35
10/28/2022,26.45
10/29/2022,25.63
10/30/2022,24.89
10/31/2022,24.22
11-01-2022,23.63
11-02-2022,23.07
11-03-2022,22.52
11-04-2022,22.02
11-05-2022,21.54
11-06-2022,21.07
11-07-2022,20.62
11-08-2022,20.2
11-09-2022,19.82
11-10-2022,19.45
11-11-2022,19.1
11-12-2022,18.79
11/13/2022,18.45
11/14/2022,18.15
11/15/2022,17.87
11/16/2022,17.6
11/18/2022,17.13
11/19/2022,16.93
11/20/2022,16.74
11/21/2022,16.5
11/22/2022,16.29
11/23/2022,16.1
11/24/2022,15.92
11/25/2022,15.76
11/26/2022,15.61
11/27/2022,15.46
11/28/2022,15.32
11/29/2022,15.17
11/30/2022,15.04
12-01-2022,14.94
12-02-2022,14.84
12-03-2022,14.74
12-04-2022,14.65
12-05-2022,14.56
12-06-2022,14.48
12-07-2022,14.4
12-08-2022,14.32
12-09-2022,14.25
12-10-2022,14.17
12-11-2022,14.1
12-12-2022,14.05
12/13/2022,13.99
12/14/2022,13.93
12/15/2022,13.89
12/16/2022,13.82
12/17/2022,13.75
12/18/2022,13.69
12/19/2022,13.63
12/20/2022,13.57
12/21/2022,13.51
12/22/2022,13.46
12/23/2022,13.41
12/24/2022,13.36
12/25/2022,13.32
12/26/2022,13.28
12/27/2022,13.24
12/28/2022,13.21
12/29/2022,13.18
12/30/2022,13.15
12/31/2022,13.12
